akeem.wells = akeem wells <akeem.well@nrao.edu>
andy.hale = andy hale <andy.hale@nrao.edu>
boyd.waters = boyd waters <bwaters@aoc.nrao.edu>
brian.kent = brian kent <bkent@nrao.edu>
daren.wilson = daren wilson <darenw@pipeline.com>
darrell.schiebel = darrell schiebel <ds@nrao.edu>
dave.mehringer = dave mehringer <dmehring@zia.aoc.nrao.edu>
david.king = david king <dking@nrao.edu>
dirk.muders = dirk muders <dmuders@mpifr-bonn.mpg.de>
dirk.petry = dirk petry <dpetry@eso.org>
gareth.hunt = gareth hunt <ghunt@nrao.edu>
george.kosugi = george kosugi <george.kosugi@nao.ac.jp>
george.moellenbrock = george moellenbrock <gmoellen@nrao.edu>
honglin.ye = honglin ye <hye@aoc.nrao.edu>
jared.crossley = jared crossley <jcrossle@nrao.edu>
jeff.kern = jeff kern <jeff.kern@nrao.edu>
jenkins = jenkins  <jenkins@nrao.edu>
jim.jacobs = jim jacobs <jjacobs@nrao.edu>
joe.mcmullin = joe mcmullin <joe.mcmullin@nrao.edu>
john.lightfoot = john lightfoot <john.lightfoot@stfc.ac.uk>
jonas.larsen = jonas larsen <usd-help@eso.org>
julian.taylor = julian taylor <jtaylor.debian@googlemail.com>
justo.gonzalez = justo gonzalez <justo.gonzalez@nrao.edu>
kana.sugimoto = kana sugimoto <kana.sugi@nao.ac.jp>
kohji.nakamura = kohji nakamura <k.nakamura@nao.ac.jp>
kumar.golap = kumar golap <kgolap@nrao.edu>
laura.glendenning = laura glendenning <laura.glendenning@nrao.edu>
lindsey.davis = lindsey davis <ldavis@nrao.edu>
mark.rawlings = mark rawlings <mark.rawlings@nrao.edu>
mark.wieringa = mark wieringa <Mark.Wieringa@csiro.au>
martin.kuemmel = martin kuemmel <Martin.Kuemmel@eso.org>
masaya.kuniyoshi = masaya kuniyoshi <mkuniyos@aoc.nrao.edu>
michel.caillat = michel caillat <michel.caillat@nrao.edu>
mike.rodriguez = mike rodriguez <mrodriguez@neoninc.org>
nick.elias = nick elias <nelias@nrao.edu>
pam.ford = pam ford <pam.ford@nrao.edu>
patrick.brandt = patrick brandt <patbrandt@gmail.com>
peter.teuben = peter teuben <teuben@gmail.com>
raymond.rusk = raymond rusk <<rrusk@nrao.edu>
remy.indebetouw = remy indebetouw <remy@virginia.edu>
renaud.miel = renaud miel <renaud.miel@nrao.edu>
rob.reid = rob reid <rreid@nrao.edu>
rob.selina = rob selina <rselina@mro.nmt.edu>
sandra.castro = sandra castro <sbhatnag@nrao.edu>
sanjay.bhatnagar = sanjay bhatnagar <sbhatnag@nrao.edu>
scott.rankin = scott rankin <srankin@nrao.edu>
shannon.jaeger = shannon jaeger <sdjaeger@ucalgary.ca>
shinnosuke.kawakami = shinnosuke kawakami <shinnosuke.kawakami@nao.ac.jp>
stewart.williams = stewart williams <sjw@roe.ac.uk>
susan.loveland = susan loveland <susan.loveland@nrao.edu>
takeshi.nakazato = takeshi nakazato <takeshi.nakazato@nao.ac.jp>
Tak.tsutsumi = tak tsutsumi <ttsutsum@nrao.edu>
tak.tsutsumi = tak tsutsumi <ttsutsum@nrao.edu>
todd.hunter = todd hunter <thunter@nrao.edu>
urvashi.rao = urvashi rao <rurvashi@nrao.edu>
ville.suoranta = ville suoranta <ville.suoranta@nrao.edu>
vincent.geers = vincent geers <vincent.geers@nrao.edu>
wataru.kawasaki = wataru kawasaki <wataru.kawasaki@nao.ac.jp>
wes.young = wes young <wyoung@nrao.edu>
martin.pokorny = Martin Pokorny <mpokorny@nrao.edu>
vsuorant = Ville suorant <ville.suoranta@nrao.edu>
mark.kettenis = Mark Kettenis <kettenis@jive.eu>
bob.garwood = Bob Garwood <bgarwood@nrao.edu>
joe.masters = Joe Masters <jmasters@nrao.edu>
federico.pouzols = Federica Pouzols <fpouzols@eso.org>
enrique.garcia = Enrique Garcia <cgarcia@eso.org>
Darrell Schiebel =  Darrell Schiebel <drs@nrao.edu> 
